{
  "project_info": {
    "project_number": "2520483594",
    "firebase_url": "https://appmascotas-d6db5-default-rtdb.firebaseio.com",
    "project_id": "appmascotas-d6db5",
    "storage_bucket": "appmascotas-d6db5.appspot.com"
  },
  "client": [
    {
      "client_info": {
        "mobilesdk_app_id": "1:2520483594:android:17256c352d2c03999a1cf3",
        "android_client_info": {
          "package_name": "com.nallis.clubanimals"
        }
      },
      "oauth_client": [
        {
          "client_id": "2520483594-map4pnmtua63k73gvd16oum6a6pq7hpb.apps.googleusercontent.com",
          "client_type": 1,
          "android_info": {
            "package_name": "com.nallis.clubanimals",
            "certificate_hash": "e72fcee552238d831977caca08010b73f074e032"
          }
        },
        {
          "client_id": "2520483594-lsvnrmd6l3nj9prchskak6ltcucmir0i.apps.googleusercontent.com",
          "client_type": 3
        }
      ],
      "api_key": [
        {
          "current_key": "AIzaSyDgbugScNpZsyrFYzzbbNA3AyCudbXa1oU"
        }
      ],
      "services": {
        "appinvite_service": {
          "other_platform_oauth_client": [
            {
              "client_id": "2520483594-lsvnrmd6l3nj9prchskak6ltcucmir0i.apps.googleusercontent.com",
              "client_type": 3
            }
          ]
        }
      }
    }
  ],
  "configuration_version": "1"
}